{
    "servers": {
        "MagnetCircuit/I-S01B": {
            "MagnetCircuit": {
                "I-S01B/MAG/QE-CIR-04": {
                    "properties": {
                        "PowerSupplyProxy": [
                            "I-K01/MAG/PSPB-04"
                        ], 
                        "RiseTime": [], 
                        "CoilNames": [], 
                        "ExcitationCurveCurrents": [
                            [
                                0, 
                                0, 
                                0, 
                                0, 
                                0, 
                                0, 
                                0, 
                                0, 
                                0, 
                                0, 
                                0
                            ], 
                            [
                                6.3121999999999998, 
                                5.6775666666666673, 
                                5.0651708333333332, 
                                4.421475, 
                                3.8248458333333333, 
                                3.166033333333333, 
                                2.5223416666666663, 
                                1.8917999999999999, 
                                1.2811116666666666, 
                                0.63825833333333337, 
                                0.0
                            ]
                        ], 
                        "ExcitationCurveFields": [
                            [
                                0, 
                                0, 
                                0, 
                                0, 
                                0, 
                                0, 
                                0, 
                                0, 
                                0, 
                                0, 
                                0
                            ], 
                            [
                                0.70483716321568446, 
                                0.63976069513212241, 
                                0.57325115541890104, 
                                0.50205787675725067, 
                                0.43503824268190999, 
                                0.36171557200423732, 
                                0.28958453273697332, 
                                0.21876029022909838, 
                                0.14955748424106066, 
                                0.077043751531955473, 
                                0.0050504615216207397
                            ]
                        ], 
                        "ResistanceReference": [], 
                        "MagnetProxies": [
                            "I-S01B/MAG/QE-04"
                        ]
                    }
                }, 
                "I-S01B/MAG/QE-CIR-03": {
                    "properties": {
                        "PowerSupplyProxy": [
                            "I-K01/MAG/PSPB-03"
                        ], 
                        "RiseTime": [], 
                        "CoilNames": [], 
                        "ExcitationCurveCurrents": [
                            [
                                0, 
                                0, 
                                0, 
                                0, 
                                0, 
                                0, 
                                0, 
                                0, 
                                0, 
                                0, 
                                0
                            ], 
                            [
                                6.3003999999999998, 
                                5.6751250000000004, 
                                5.0831249999999999, 
                                4.4215125000000004, 
                                3.8142374999999999, 
                                3.1747000000000001, 
                                2.5228625, 
                                1.8905000000000001, 
                                1.2819125, 
                                0.6312875, 
                                0.0
                            ]
                        ], 
                        "ExcitationCurveFields": [
                            [
                                0, 
                                0, 
                                0, 
                                0, 
                                0, 
                                0, 
                                0, 
                                0, 
                                0, 
                                0, 
                                0
                            ], 
                            [
                                0.70423114071642712, 
                                0.63973527408141906, 
                                0.57525490164286808, 
                                0.50213573147724699, 
                                0.43392642871553, 
                                0.36244696350113498, 
                                0.28973186914591204, 
                                0.21846594453189302, 
                                0.14952854664313101, 
                                0.075551420734360997, 
                                0.0046900814840960398
                            ]
                        ], 
                        "ResistanceReference": [], 
                        "MagnetProxies": [
                            "I-S01B/MAG/QE-03"
                        ]
                    }
                }
            }
        }, 
        "Magnet/I-S01A": {
            "Magnet": {
                "I-S01A/MAG/QE-02": {
                    "properties": {
                        "Length": [
                            "0.07000000000000001"
                        ], 
                        "CircuitProxies": [
                            "I-S01A/MAG/QE-CIR-02"
                        ], 
                        "Tilt": [
                            0.0
                        ], 
                        "Type": "kquad"
                    }
                }, 
                "I-S01A/MAG/QE-01": {
                    "properties": {
                        "Length": [
                            "0.07000000000000001"
                        ], 
                        "CircuitProxies": [
                            "I-S01A/MAG/QE-CIR-01"
                        ], 
                        "Tilt": [
                            0.0
                        ], 
                        "Type": "kquad"
                    }
                }, 
                "I-S01A/MAG/COEX-01": {
                    "properties": {
                        "Tilt": [
                            0.0
                        ], 
                        "Length": [
                            "0.07"
                        ], 
                        "Type": "hkick", 
                        "CircuitProxies": [
                            "I-S01A/MAG/COEX-CIR-01"
                        ]
                    }
                }, 
                "I-S01A/MAG/COEY-01": {
                    "properties": {
                        "Tilt": [
                            0.0
                        ], 
                        "Length": [
                            "0.07"
                        ], 
                        "Type": "vkick", 
                        "CircuitProxies": [
                            "I-S01A/MAG/COEY-CIR-01"
                        ]
                    }
                }
            }
        }, 
        "Magnet/I-S01B": {
            "Magnet": {
                "I-S01B/MAG/QE-03": {
                    "properties": {
                        "Length": [
                            "0.07000000000000001"
                        ],