{
    "servers": {
        "MagnetCircuit/1": {
            "MagnetCircuit": {
                "sim/magnetcircuit/1": {
                    "properties": {
                        "PowerSupplyProxy": [
                            "sim/dummyps/1"
                        ],
                        "RiseTime": [
                            0.0
                        ],
                        "CoilNames": [
                            ""
                        ],
                        "ExcitationCurveCurrents": [
                            [
                                0,
                                0,
                                0,
                                0,
                                0,
                                0,
                                0,
                                0,
                                0,
                                0,
                                0
                            ],
                            [
                                6.3122,
                                5.677566666666667,
                                5.065170833333333,
                                4.421475,
                                3.8248458333333333,
                                3.166033333333333,
                                2.5223416666666663,
                                1.8918,
                                1.2811116666666666,
                                0.6382583333333334,
                                0.0
                            ]
                        ],
                        "ExcitationCurveFields": [
                            [
                                0,
                                0,
                                0,
                                0,
                                0,
                                0,
                                0,
                                0,
                                0,
                                0,
                                0
                            ],
                            [
                                0.7048371632156845,
                                0.6397606951321224,
                                0.573251155418901,
                                0.5020578767572507,
                                0.43503824268191,
                                0.3617155720042373,
                                0.2895845327369733,
                                0.21876029022909838,
                                0.14955748424106066,
                                0.07704375153195547,
                                0.00505046152162074
                            ]
                        ],
                        "ResistanceReference": [
                            0.0
                        ],
                        "MagnetProxies": [
                            "sim/magnet/1"
                        ]
                    }
                }
            }
        },
        "Magnet/1": {
            "Magnet": {
                "sim/magnet/1": {
                    "properties": {
                        "Polarity": 1,
                        "Length": [
                            "0.07000000000000001"
                        ],
                        "Orientation": 1,
                        "Tilt": [
                            0
                        ],
                        "Type": "kquad",
                        "CircuitProxies": [
                            "sim/magnetcircuit/1"
                        ]
                    }
                }
            }
        }
    }
}
